actividad_id,nombre,tipo,ciudad,provincia,precio
1,Object-based radical approach,cultural,La Plata,Buenos Aires,34180
2,Adaptive demand-driven framework,relax,La Plata,Buenos Aires,38120
3,Extended zero administration challenge,deportiva,La Plata,Buenos Aires,69820
4,Virtual eco-centric frame,deportiva,Mar del Plata,Buenos Aires,59111
5,Inverse bottom-line ability,gastronómica,Mar del Plata,Buenos Aires,26588
6,Proactive value-added Internet solution,cultural,Mar del Plata,Buenos Aires,39414
7,Enhanced clear-thinking implementation,cultural,CABA,Ciudad Autónoma de Buenos Aires,43650
8,Public-key tertiary emulation,cultural,CABA,Ciudad Autónoma de Buenos Aires,39809
9,Profit-focused next generation secured line,aventura,CABA,Ciudad Autónoma de Buenos Aires,66400
10,Multi-channeled asynchronous infrastructure,deportiva,San Fernando,Catamarca,28295
11,User-centric 6thgeneration Internet solution,gastronómica,San Fernando,Catamarca,22982
12,Ameliorated logistical archive,aventura,San Fernando,Catamarca,56264
13,Intuitive object-oriented interface,gastronómica,Resistencia,Chaco,65705
14,Re-engineered impactful strategy,cultural,Resistencia,Chaco,61803
15,Sharable intangible frame,relax,Resistencia,Chaco,26723
16,Customizable impactful adapter,aventura,Puerto Madryn,Chubut,57621
17,Inverse composite website,gastronómica,Puerto Madryn,Chubut,50762
18,Secured logistical solution,relax,Puerto Madryn,Chubut,48866
19,Multi-lateral background Internet solution,gastronómica,Córdoba,Córdoba,32082
20,Customer-focused dynamic Internet solution,aventura,Córdoba,Córdoba,36546
21,Reverse-engineered impactful moderator,relax,Córdoba,Córdoba,27476
22,Configurable hybrid function,aventura,Villa Carlos Paz,Córdoba,46260
23,User-friendly global definition,relax,Villa Carlos Paz,Córdoba,24855
24,Managed zero-defect concept,deportiva,Villa Carlos Paz,Córdoba,61251
25,Compatible multimedia productivity,aventura,Río Cuarto,Córdoba,29943
26,Customizable multi-tasking migration,cultural,Río Cuarto,Córdoba,73159
27,Ergonomic zero-defect hardware,deportiva,Río Cuarto,Córdoba,39912
28,Monitored upward-trending project,aventura,Corrientes,Corrientes,36265
29,Digitized disintermediate benchmark,aventura,Corrientes,Corrientes,56573
30,Digitized eco-centric customer loyalty,relax,Corrientes,Corrientes,59735
31,Enhanced real-time collaboration,deportiva,Paraná,Entre Ríos,71821
32,Virtual well-modulated projection,deportiva,Paraná,Entre Ríos,34790
33,Compatible context-sensitive throughput,deportiva,Paraná,Entre Ríos,44928
34,Self-enabling modular Local Area Network,relax,Concordia,Entre Ríos,79539
35,Versatile non-volatile task-force,relax,Concordia,Entre Ríos,39487
36,Reduced local software,deportiva,Concordia,Entre Ríos,48103
37,Re-contextualized secondary productivity,gastronómica,Gualeguaychú,Entre Ríos,57265
38,Secured fresh-thinking product,deportiva,Gualeguaychú,Entre Ríos,23947
39,Intuitive coherent intranet,deportiva,Gualeguaychú,Entre Ríos,68502
40,Cloned methodical intranet,aventura,Formosa,Formosa,69986
41,Self-enabling exuding utilization,cultural,Formosa,Formosa,60993
42,Grass-roots optimizing approach,cultural,Formosa,Formosa,37343
43,Multi-channeled motivating archive,aventura,San Salvador de Jujuy,Jujuy,30292
44,Integrated maximized knowledge user,cultural,San Salvador de Jujuy,Jujuy,31391
45,Automated analyzing hub,deportiva,San Salvador de Jujuy,Jujuy,24919
46,Horizontal asynchronous project,cultural,Santa Rosa,La Pampa,20175
47,Cross-group reciprocal policy,relax,Santa Rosa,La Pampa,49524
48,Profit-focused human-resource Local Area Network,deportiva,Santa Rosa,La Pampa,50796
49,Reduced neutral utilization,gastronómica,La Rioja,La Rioja,22139
50,User-centric 6thgeneration knowledge user,cultural,La Rioja,La Rioja,38881
51,Re-engineered solution-oriented core,gastronómica,La Rioja,La Rioja,66070
52,Inverse real-time leverage,relax,Chilecito,La Rioja,24664
53,Profit-focused coherent approach,cultural,Chilecito,La Rioja,37337
54,Organized bi-directional workforce,deportiva,Chilecito,La Rioja,63331
55,Mandatory transitional artificial intelligence,cultural,Mendoza,Mendoza,47861
56,Profit-focused secondary conglomeration,aventura,Mendoza,Mendoza,55688
57,Balanced dynamic strategy,cultural,Mendoza,Mendoza,62443
58,Organic leadingedge moderator,cultural,San Rafael,Mendoza,79533
59,Programmable reciprocal complexity,gastronómica,San Rafael,Mendoza,74174
60,Multi-lateral holistic forecast,cultural,San Rafael,Mendoza,24679
61,Networked incremental time-frame,aventura,Posadas,Misiones,30873
62,Mandatory systematic policy,gastronómica,Posadas,Misiones,58996
63,Business-focused responsive project,deportiva,Posadas,Misiones,38914
64,Managed asymmetric groupware,relax,Iguazú,Misiones,28149
65,Cross-platform next generation service-desk,relax,Iguazú,Misiones,65133
66,Networked executive extranet,gastronómica,Iguazú,Misiones,65857
67,Up-sized stable portal,relax,Neuquén,Neuquén,37841
68,Distributed full-range artificial intelligence,deportiva,Neuquén,Neuquén,55388
69,Reduced stable circuit,relax,Neuquén,Neuquén,48688
70,Monitored fault-tolerant projection,aventura,San Martín de los Andes,Neuquén,59192
71,Total stable infrastructure,aventura,San Martín de los Andes,Neuquén,78289
72,De-engineered radical strategy,relax,San Martín de los Andes,Neuquén,68138
73,Configurable fault-tolerant open architecture,gastronómica,Bariloche,Río Negro,59564
74,Multi-tiered secondary utilization,gastronómica,Bariloche,Río Negro,21695
75,Managed clear-thinking secured line,aventura,Bariloche,Río Negro,35002
76,Total user-facing software,deportiva,Viedma,Río Negro,58477
77,Progressive background project,aventura,Viedma,Río Negro,70119
78,Synchronized interactive migration,gastronómica,Viedma,Río Negro,57764
79,Multi-lateral 3rdgeneration hierarchy,aventura,Salta,Salta,70011
80,Integrated contextually-based data-warehouse,cultural,Salta,Salta,50834
81,Mandatory zero administration matrix,deportiva,Salta,Salta,62697
82,Ergonomic directional challenge,relax,San Juan,San Juan,38229
83,Distributed asynchronous frame,cultural,San Juan,San Juan,58360
84,Cross-platform motivating throughput,relax,San Juan,San Juan,61601
85,Quality-focused user-facing moderator,relax,San Luis,San Luis,25979
86,Automated stable Graphical User Interface,relax,San Luis,San Luis,42803
87,Visionary regional capacity,relax,San Luis,San Luis,41843
88,Right-sized homogeneous collaboration,gastronómica,Merlo,San Luis,63917
89,Diverse contextually-based solution,aventura,Merlo,San Luis,76212
90,Visionary regional workforce,cultural,Merlo,San Luis,41614
91,Down-sized uniform intranet,relax,Río Gallegos,Santa Cruz,65460
92,Balanced incremental hierarchy,relax,Río Gallegos,Santa Cruz,38888
93,Synergistic uniform encoding,relax,Río Gallegos,Santa Cruz,73317
94,Organic reciprocal forecast,deportiva,El Calafate,Santa Cruz,22404
95,Versatile value-added toolset,relax,El Calafate,Santa Cruz,25771
96,Organized discrete monitoring,gastronómica,El Calafate,Santa Cruz,36541
97,Front-line fault-tolerant workforce,gastronómica,Rosario,Santa Fe,27597
98,Phased content-based hub,relax,Rosario,Santa Fe,76682
99,Synergistic object-oriented intranet,deportiva,Rosario,Santa Fe,74062
100,Persistent zero administration forecast,aventura,Santa Fe,Santa Fe,63100
101,Vision-oriented homogeneous middleware,deportiva,Santa Fe,Santa Fe,50276
102,Progressive intangible complexity,relax,Santa Fe,Santa Fe,23552
103,Exclusive real-time challenge,cultural,Santiago del Estero,Santiago del Estero,53976
104,Function-based actuating project,gastronómica,Santiago del Estero,Santiago del Estero,60804
105,Polarized holistic neural-net,relax,Santiago del Estero,Santiago del Estero,60986
106,Customer-focused transitional model,relax,Ushuaia,Tierra del Fuego,69806
107,Decentralized executive artificial intelligence,aventura,Ushuaia,Tierra del Fuego,33340
108,Virtual cohesive flexibility,gastronómica,Ushuaia,Tierra del Fuego,55993
109,Organized multimedia circuit,cultural,San Miguel de Tucumán,Tucumán,38876
110,Optional background definition,relax,San Miguel de Tucumán,Tucumán,77727
111,Organized grid-enabled algorithm,relax,San Miguel de Tucumán,Tucumán,27957
